vote_id,date,title
RS1170001,2021-01-06,"Shall the Objection Submitted by the Gentleman from Arizona, Mr. Gosar, and the Senator from Texas, Mr. Cruz, and Others Be Sustained?"
RS1170002,2021-01-07,"Shall the Objection Submitted by the Gentleman from Pennsylvania, Mr. Perry, and the Senator from Missouri, Mr. Hawley, Be Sustained?"
RS1170003,2021-01-20,"Confirmation: Avril Danica Haines, of New York, to be Director of National Intelligence"
RS1170004,2021-01-21,H.R. 335
RS1170005,2021-01-22,"Confirmation: Lloyd James Austin, of Georgia, to be Secretary of Defense"
RS1170006,2021-01-25,"Confirmation: Janet Louise Yellen, of California, to be Secretary of the Treasury"
RS1170007,2021-01-26,"Confirmation: Anthony John Blinken, of New York, to be Secretary of State"
RS1170008,2021-01-26,Motion to Table: Is the Point of Order Well Taken?
RS1170009,2021-01-26,S. Res. 16
RS1170010,2021-01-28,Motion to Invoke Cloture: Alejandro Nicholas Mayorkas to be Secretary of the Department of Homeland Security
RS1170011,2021-02-02,"Confirmation: Peter Paul Montgomery Buttigieg, of Indiana, to be Secretary of Transportation"
RS1170012,2021-02-02,"Confirmation: Alejandro Nicholas Mayorkas, of the District of Columbia, to be Secretary of Homeland Security"
RS1170013,2021-02-02,Motion to Proceed to S. Con. Res. 5
RS1170014,2021-02-04,Wicker Amdt No. 261
RS1170015,2021-02-04,Scott (SC) Amdt. No. 53
RS1170016,2021-02-04,Rubio Amdt. No. 69
RS1170017,2021-02-04,Blunt Amdt. No. 48
RS1170018,2021-02-04,Young Amdt No. 54
RS1170019,2021-02-04,Manchin Amdt No. 775
RS1170020,2021-02-04,Toomey Amdt. No. 553
RS1170021,2021-02-04,Cardin Amdt. No. 716
RS1170022,2021-02-04,Barrasso Amdt. No. 653
RS1170023,2021-02-04,Motion to Waive All Applicable Budgetary Discipline Re: Sasse Amdt. No. 192
RS1170024,2021-02-04,Motion to Waive All Applicable Budgetary Discipline Re: Graham Amdt. No. 687
RS1170025,2021-02-04,Motion to Waive All Applicable Budgetary Discipline Re: Ernst Amdt. No. 132
RS1170026,2021-02-04,Collins Amdt. No. 546
RS1170027,2021-02-04,Shaheen Amdt No. 834 As Modified
RS1170028,2021-02-04,Braun Amdt No. 833
RS1170029,2021-02-04,Motion to Waive All Applicable Budgetary Discipline Re: Grassley Amdt. No. 91
RS1170030,2021-02-04,Inhofe Amdt. No. 786
RS1170031,2021-02-04,Paul Amdt. No. 1
RS1170032,2021-02-04,Daines Amdt. No. 678
RS1170033,2021-02-05,Johnson Amdt. No. 542
RS1170034,2021-02-05,Lee Amdt. No. 821
RS1170035,2021-02-05,Cornyn Amdt No. 558
RS1170036,2021-02-05,Motion to Waive All Applicable Budgetary Discipline Re: Cotton Amdt No. 66
RS1170037,2021-02-05,Motion to Waive All Applicable Budgetary Discipline Re: Cassidy Amdt. No. 483
RS1170038,2021-02-05,Kennedy Amdt. No. 782
RS1170039,2021-02-05,Paul Amdt. No. 441
RS1170040,2021-02-05,Lee Amdt. No. 770
RS1170041,2021-02-05,Motion to Waive All Applicable Budgetary Discipline Re: Cruz Amdt. No. 811
RS1170042,2021-02-05,Scott (FL) Amdt No. 872
RS1170043,2021-02-05,Capito Amdt. No. 655
RS1170044,2021-02-05,Lankford Amdt. No. 837
RS1170045,2021-02-05,Crapo Amdt. No. 55
RS1170046,2021-02-05,Hoeven Amdt No. 887
RS1170047,2021-02-05,Romney Amdt No. 803
RS1170048,2021-02-05,Lee Amdt. No. 253
RS1170049,2021-02-05,Cruz Amdt. No. 871
RS1170050,2021-02-05,Motion to Waive All Applicable Budgetary Discipline Re: Sullivan Amdt. No. 461
RS1170051,2021-02-05,Rubio Amdt. No. 651
RS1170052,2021-02-05,Schumer Amdt. No. 888
RS1170053,2021-02-05,McConnell Amdt. No. 889
RS1170054,2021-02-05,"S. Con. Res. 5, As Amended"
RS1170055,2021-02-08,"Confirmation: Denis Richard McDonough, of Maryland, to be Secretary of Veterans Affairs"
RS1170056,2021-02-09,S. Res. 47
RS1170057,2021-02-09,Is Former President Donald John Trump Subject to a Court of Impeachment for Acts Committed While President?
RS1170058,2021-02-13,Shall It Be In Order to Consider and Debate Any Motion to Subpoena Witnesses or Documents?
RS1170059,2021-02-13,Article of Impeachment Against Former President Donald John Trump
RS1170060,2021-02-22,Motion to Invoke Cloture: Linda Thomas-Greenfield to be the Representative of the United States of America to the United Nations and the Representative of the United States of America in the Security Council of the United Nations
RS1170061,2021-02-23,"Confirmation: Linda Thomas-Greenfield, of Louisiana, to be the Representative of the United States of America to the United Nations and the Representative of the United States of America in the Security Council of the United Nations"
RS1170062,2021-02-23,Motion to Invoke Cloture: Linda Thomas-Greenfield to be Representative of the United States of America to the Sessions of the General Assembly of the United Nations
RS1170063,2021-02-23,"Confirmation: Thomas J. Vilsack, of Iowa, to be Secretary of Agriculture"
RS1170064,2021-02-23,"Confirmation: Linda Thomas-Greenfield, of Louisiana, to be Representative of the United States of America to the Sessions of the General Assembly of the United Nations"
RS1170065,2021-02-24,Motion to Invoke Cloture: Jennifer Mulhern Granholm to be Secretary of Energy
RS1170066,2021-02-25,"Confirmation: Jennifer Mulhern Granholm, of Michigan, to be Secretary of Energy"
RS1170067,2021-02-25,Motion to Invoke Cloture: Miguel A. Cardona to be Secretary of Education
RS1170068,2021-03-01,"Confirmation: Miguel A. Cardona, of Connecticut, to be Secretary of Education"
RS1170069,2021-03-01,"Motion to Invoke Cloture: Gina Marie Raimondo, of Rhode Island, to be Secretary of Commerce"
RS1170070,2021-03-02,"Confirmation: Gina Marie Raimondo, of Rhode Island, to be Secretary of Commerce"
RS1170071,2021-03-02,Motion to Invoke Cloture: Cecilia Elena Rouse to be Chairman of the Council of Economic Advisers
RS1170072,2021-03-02,"Confirmation: Cecilia Elena Rouse, of New Jersey, to be Chairman of the Council of Economic Advisers"
RS1170073,2021-03-04,Motion to Proceed to H.R. 1319
RS1170074,2021-03-05,Motion to Waive All Applicable Budgetary Discipline Re: Sanders Amdt. No. 972
RS1170075,2021-03-05,Motion to Adjourn Until 10:00 A.M. Tomorrow
RS1170076,2021-03-05,Portman Amdt. No. 1092
RS1170077,2021-03-06,Motion to Waive All Applicable Budgetary Discipline Re: Collins Amdt. No. 1242
RS1170078,2021-03-06,Scott (SC) Amdt. No. 1030
RS1170079,2021-03-06,Wyden Amdt. No. 1378
RS1170080,2021-03-06,Rubio Amdt. No. 1026
RS1170081,2021-03-06,Hassan Amdt. No. 1344
RS1170082,2021-03-06,Graham Amdt. No. 1369 As Modified
RS1170083,2021-03-06,Motion to Waive All Applicable Budgetary Discipline Re: Tester Amdt. No. 1197
RS1170084,2021-03-06,Cassidy Amdt. No. 1161
RS1170085,2021-03-06,Grassley Motion to Commit H.R. 1319 to the Committee on Finance with Instructions
RS1170086,2021-03-06,Toomey Amdt. No. 1010
RS1170087,2021-03-06,Fischer Amdt. No. 944
RS1170088,2021-03-06,Paul Amdt. No. 1014
RS1170089,2021-03-06,Young Amdt. No. 1383
RS1170090,2021-03-06,Capito Motion to Commit H.R. 1319 to the Committee on Finance with Instructions
RS1170091,2021-03-06,Scott (FL) Amdt. No. 1395
RS1170092,2021-03-06,Cotton Motion to Commit H.R. 1319 to the Committee on Finance with Instructions
RS1170093,2021-03-06,Blackburn Amdt. No. 996
RS1170094,2021-03-06,Motion to Waive All Applicable Budgetary Discipline Re: Lankford Amdt. No. 1031
RS1170095,2021-03-06,Cruz Amdt. No. 969
RS1170096,2021-03-06,Romney Amdt. No. 1364
RS1170097,2021-03-06,Motion to Waive All Applicable Budgetary Discipline Re: Tuberville Amdt. No. 1386
RS1170098,2021-03-06,Motions to Commit to H.R. 1319 to Eleven Committees Considered En Bloc
RS1170099,2021-03-06,Kennedy Motion to Commit H.R. 1319 to Committee on Small Business and Entrepreneurship with Instructions
RS1170100,2021-03-06,Scott (FL) Motion to Commit H.R. 1319 to Committee on Homeland Security and Governmental Affairs with Instructions
RS1170101,2021-03-06,Lee Amdt. No. 1381
RS1170102,2021-03-06,"Cornyn Motion to Commit H.R. 1319 to the Committee on Health, Education, Labor, and Pensions with Instructions"
RS1170103,2021-03-06,Cassidy Amdt. No. 1162
RS1170104,2021-03-06,Cruz Amdt. No. 968
RS1170105,2021-03-06,Lee Amdt. No. 1331
RS1170106,2021-03-06,Grassley Amdt. No. 902
RS1170107,2021-03-06,Moran Amdt. No. 1154
RS1170108,2021-03-06,Motion to Commit H.R. 1319 to the Committee on Foreign Relations
RS1170109,2021-03-06,Warner Amdt. No. 1391
RS1170110,2021-03-06,"H.R. 1319, As Amended"
RS1170111,2021-03-09,Motion to Invoke Cloture: Marcia Louise Fudge to be Secretary of Housing and Urban Development
RS1170112,2021-03-09,Motion to Invoke Cloture: Merrick Brian Garland to be Attorney General
RS1170113,2021-03-10,"Confirmation: Marcia Louise Fudge, of Ohio, to be Secretary of Housing and Urban Development"
RS1170114,2021-03-10,"Confirmation: Merrick Brian Garland, of Maryland, to be Attorney General"
RS1170115,2021-03-10,Motion to Invoke Cloture: Michael Stanley Regan to be Administrator of the Environmental Protection Agency
RS1170116,2021-03-10,"Confirmation: Michael Stanley Regan, of North Carolina, to be Administrator of the Environmental Protection Agency"
RS1170117,2021-03-11,Motion to Discharge the Nomination of Xavier Becerra to be Secretary of Health and Human Services from the Committee on Finance
RS1170118,2021-03-11,Motion to Invoke Cloture: Debra Anne Haaland to be Secretary of the Interior
RS1170119,2021-03-15,"Confirmation: Debra Anne Haaland, of New Mexico, to be Secretary of the Interior"
RS1170120,2021-03-16,Motion to Invoke Cloture: Isabella Casillas Guzman to be Administrator of the Small Business Administration
RS1170121,2021-03-16,"Confirmation: Isabella Casillas Guzman, of California, to be Administrator of the Small Business Administration"
RS1170122,2021-03-16,Motion to Invoke Cloture: Katherine C. Tai to be United States Trade Representative
RS1170123,2021-03-17,"Confirmation: Katherine C. Tai, of the District of Columbia, to be United States Trade Representative"
RS1170124,2021-03-17,"Motion to Invoke Cloture: Xavier Becerra, of California, to be Secretary of Health and Human Services"
RS1170125,2021-03-18,"Confirmation: Xavier Becerra, of California, to be Secretary of Health and Human Services"
RS1170126,2021-03-18,Motion to Invoke Cloture: Martin Joseph Walsh to be Secretary of Labor
RS1170127,2021-03-22,"Confirmation: Martin Joseph Walsh, of Massachusetts, to be Secretary of Labor"
RS1170128,2021-03-23,Motion to Invoke Cloture: Shalanda D. Young to be Deputy Director of the Office of Management and Budget
RS1170129,2021-03-23,"Confirmation: Shalanda D. Young, of Louisiana, to be Deputy Director of the Office of Management and Budget"
RS1170130,2021-03-23,Motion to Invoke Cloture: Vivek Hallegere Murthy to be Medical Director in the Regular Corps and to be Surgeon General of the Public Health Service
RS1170131,2021-03-23,"Confirmation: Vivek Hallegere Murthy, of Florida, to be Medical Director in the Regular Corps and Surgeon General of the Public Health Service"
RS1170132,2021-03-24,Motion to Invoke Cloture: Rachel Leland Levine to be an Assistant Secretary of the Department of Health and Human Services
RS1170133,2021-03-24,Motion to Invoke Cloture: David Turk to be Deputy Secretary of Energy
RS1170134,2021-03-24,"Confirmation: Rachel Leland Levine, of Pennsylvania, to be an Assistant Secretary of Health and Human Services"
RS1170135,2021-03-24,"Confirmation: David Turk, of Maryland, to be Deputy Secretary of Energy"
RS1170136,2021-03-24,Motion to Invoke Cloture: Motion to Proceed to H.R. 1799
RS1170137,2021-03-25,Kennedy Amdt. No. 1401
RS1170138,2021-03-25,Rubio Amdt. No. 1405
RS1170139,2021-03-25,Motion to Waive All Applicable Budgetary Discipline Re: H.R. 1799
RS1170140,2021-03-25,H.R. 1799
RS1170141,2021-03-25,Scott (FL) Amdt. No. 1411
RS1170142,2021-03-25,"H.R. 1868, As Amended"
RS1170143,2021-04-12,Motion to Invoke Cloture: Polly Ellen Trottenberg to be Deputy Secretary of Transportation
RS1170144,2021-04-13,"Confirmation: Polly Ellen Trottenberg, of New York, to be Deputy Secretary of Transportation"
RS1170145,2021-04-13,Motion to Invoke Cloture: Wendy Ruth Sherman to be Deputy Secretary of State
RS1170146,2021-04-13,"Confirmation: Wendy Ruth Sherman, of Maryland, to be Deputy Secretary of State"
RS1170147,2021-04-13,Motion to Invoke Cloture: Gary Gensler to be a Member of the Securities and Exchange Commission
RS1170148,2021-04-14,"Confirmation: Gary Gensler, of Maryland, to be a Member of the Securities and Exchange Commission"
RS1170149,2021-04-14,Motion to Invoke Cloture: Brenda Mallory to be a Member of the Council on Environmental Quality
RS1170150,2021-04-14,"Confirmation: Brenda Mallory, of Maryland, to be a Member of the Council on Environmental Quality"
RS1170151,2021-04-14,Motion to Invoke Cloture Re: Motion to Proceed to S. 937
RS1170152,2021-04-15,Motion to Proceed to Executive Session
RS1170153,2021-04-15,Motion to Discharge the Nomination of Vanita Gupta from the Committee on the Judiciary
RS1170154,2021-04-19,Motion to Invoke Cloture: Lisa O. Monaco to be Deputy Attorney General
RS1170155,2021-04-19,Motion to Proceed to Executive Session to Consider Vanita Gupta to be Associate Attorney General
RS1170156,2021-04-20,Motion to Invoke Cloture: Gary Gensler to be a Member of the Securities and Exchange Commission
RS1170157,2021-04-20,"Confirmation: Gary Gensler, of Maryland, to be a Member of the Securities and Exchange Commission"
RS1170158,2021-04-20,"Confirmation: Lisa O. Monaco, of the District of Columbia, to be Deputy Attorney General"
RS1170159,2021-04-21,Motion to Invoke Cloture: Vanita Gupta to be Associate Attorney General
RS1170160,2021-04-21,"Confirmation: Vanita Gupta, of Virginia, to be Associate Attorney General"
RS1170161,2021-04-21,Motion to Discharge Colin Hackett Kahl to be Under Secretary of Defense for Policy from the Committee on Armed Services
RS1170162,2021-04-22,Cruz Amdt. No. 1456
RS1170163,2021-04-22,Lee Amdt. No. 1425
RS1170164,2021-04-22,Blackburn Amdt. No. 1458
RS1170165,2021-04-22,"S. 937, As Amended"
RS1170166,2021-04-26,"Motion to Invoke Cloture: Jason Scott Miller to be Deputy Director for Management, Office of Management and Budget"
RS1170167,2021-04-27,"Confirmation: Jason Scott Miller, of Maryland, to be Deputy Director for Management, Office of Management and Budget"
RS1170168,2021-04-27,Motion to Invoke Cloture: Janet Garvin McCabe to be Deputy Administrator of the Environmental Protection Agency
RS1170169,2021-04-27,"Confirmation: Janet Garvin McCabe, of Indiana, to be Deputy Administrator of the Environmental Protection Agency"
RS1170170,2021-04-27,Motion to Invoke Cloture: Colin Hackett Kahl to be Under Secretary of Defense for Policy
RS1170171,2021-04-27,"Confirmation: Colin Hackett Kahl, of California, to be Under Secretary of Defense for Policy"
RS1170172,2021-04-27,Motion to Invoke Cloture: Motion to Proceed to S. 914
RS1170173,2021-04-28,Motion to Invoke Cloture: Samantha Power to be Administrator of the United States Agency for International Development
RS1170174,2021-04-28,"Confirmation: Samantha Power, of Massachusetts, to be Administrator of the United States Agency for International Development"
RS1170175,2021-04-28,S.J. Res. 14
RS1170176,2021-04-29,"Rubio Amdt. No. 1471, As Modified"
RS1170177,2021-04-29,Lee Amdt. No. 1472
RS1170178,2021-04-29,"S. 914, As Amended"
RS1170179,2021-05-10,Motion to Invoke Cloture: Andrea Joan Palm to be Deputy Secretary of Health and Human Services
RS1170180,2021-05-11,"Confirmation: Andrea Joan Palm, of Wisconsin, to be Deputy Secretary of Health and Human Services"
RS1170181,2021-05-11,Motion to Invoke Cloture: Cynthia Minette Marten to be Deputy Secretary of Education
RS1170182,2021-05-11,"Confirmation: Cynthia Minette Marten, of California, to be Deputy Secretary of Education"
RS1170183,2021-05-11,S. J. Res. 15
RS1170184,2021-05-12,Motion to Discharge: Chiquita Brooks-LaSure to be Administrator of the Centers for Medicare and Medicaid Services from the Committee on Finance
RS1170185,2021-05-12,Motion to Invoke Cloture: Ronald Stroman to be a Governor of the United States Postal Service
RS1170186,2021-05-12,"Confirmation: Ronald Stroman, of the District of Columbia, to be a Governor of the United States Postal Service"
RS1170187,2021-05-12,Motion to Invoke Cloture: Ronald Stroman to be a Governor of the United States Postal Service
RS1170188,2021-05-12,"Confirmation: Ronald Stroman, of the District of Columbia, to be a Governor of the United States Postal Service"
RS1170189,2021-05-12,Motion to Invoke Cloture: Amber Faye McReynolds to be a Governor of the United States Postal Service
RS1170190,2021-05-13,"Confirmation: Amber Faye McReynolds, of Colorado, to be a Governor of the United States Postal Service"
RS1170191,2021-05-13,"Confirmation: Donet Dominic Graves, Jr., of Ohio, to be Deputy Secretary of Commerce"
RS1170192,2021-05-17,Motion to Invoke Cloture on the Motion to Proceed to S. 1260
RS1170193,2021-05-18,Motion to Discharge the Nomination of Kristen M. Clarke to be an Assistant Attorney General from the Committee on the Judiciary
RS1170194,2021-05-18,Motion to Proceed to S.J. Res. 13
RS1170195,2021-05-19,S.J. Res. 13
RS1170196,2021-05-19,Tillis Amdt. No. 1517
RS1170197,2021-05-19,Scott (FL) Amdt. No. 1547
RS1170198,2021-05-20,Inhofe Amdt. No. 1523
RS1170199,2021-05-20,Johnson Amdt. No. 1518
RS1170200,2021-05-24,Motion to Invoke Cloture: Chiquita Brooks-LaSure to be Administrator of the Centers for Medicare and Medicaid Services
RS1170201,2021-05-25,"Confirmation: Chiquita Brooks-LaSure, of Virginia, to be Administrator of the Centers for Medicare and Medicaid Services"
RS1170202,2021-05-25,Motion to Invoke Cloture: Kristen M. Clarke to be an Assistant Attorney General
RS1170203,2021-05-25,"Confirmation: Kristen M. Clarke, of the District of Columbia, to be an Assistant Attorney General"
RS1170204,2021-05-25,Wyden Amdt. No. 1975
RS1170205,2021-05-25,Crapo Amdt. No. 1565
RS1170206,2021-05-25,Lee Amdt. No. 1891
RS1170207,2021-05-26,Sullivan Amdt. No. 1911
RS1170208,2021-05-26,Durbin Amdt. No. 2014
RS1170209,2021-05-26,Kennedy Amdt. No. 1710
RS1170210,2021-05-26,Coons Amdt. No. 1588
RS1170211,2021-05-26,Lee Amdt. No. 1929
RS1170212,2021-05-26,Braun Amdt. No. 1771
RS1170213,2021-05-26,Sasse Amdt. No. 2023
RS1170214,2021-05-27,Motion to Invoke Cloture: Schumer Amdt. No. 1502
RS1170215,2021-05-27,Motion to Table Rubio Amdt. No. 1802
RS1170216,2021-05-27,Crapo-Wyden Amdt. No. 1562 As Modified
RS1170217,2021-05-27,Motion to Instruct the Sergeant at Arms to Request the Attendance of Absentee Senators
RS1170218,2021-05-28,Motion to Invoke Cloture Re: Motion to Proceed to H.R. 3233
RS1170219,2021-06-07,Motion to Invoke Cloture: Julien Xavier Neals to be U.S. District Judge for the District of New Jersey
RS1170220,2021-06-08,"Confirmation: Julien Xavier Neals, of New Jersey, to be U.S. District Judge for the District of New Jersey"
RS1170221,2021-06-08,Motion to Invoke Cloture: Regina M. Rodriguez to be U.S. District Judge for the District of Colorado
RS1170222,2021-06-08,"Confirmation: Regina M. Rodriguez, of Colorado, to be U.S. District Judge for the District of Colorado"
RS1170223,2021-06-08,Cornyn Amdt. No. 1858
RS1170224,2021-06-08,Motion to Waive All Applicable Budgetary Discipline Re: Amdt. No. 1502 As Amended
RS1170225,2021-06-08,Amdt. No. 1502 As Amended
RS1170226,2021-06-08,"S. 1260, As Amended"
RS1170227,2021-06-08,Motion to Invoke Cloture Re: Motion to Proceed to H.R. 7
RS1170228,2021-06-10,"Motion to Invoke Cloture: Zahid N. Quraishi, of New Jersey, to be U.S. District Judge for the District of New Jersey"
RS1170229,2021-06-10,Motion to Invoke Cloture: Ketanji Brown Jackson to be U.S. Circuit Judge for the District of Columbia Circuit
RS1170230,2021-06-10,"Confirmation: Zahid N. Quraishi, of New Jersey, to be U.S. District Judge for the District of New Jersey"
RS1170231,2021-06-14,"Confirmation: Ketanji Brown Jackson, of the District of Columbia, to be U.S. Circuit Judge for the District of Columbia Circuit"
RS1170232,2021-06-14,Motion to Invoke Cloture: Lina M. Khan to be a Federal Trade Commissioner
RS1170233,2021-06-15,"Confirmation: Lina M. Khan, of New York, to be a Federal Trade Commissioner"
RS1170234,2021-06-16,Motion to Invoke Cloture: Radhika Fox to be an Assistant Administrator of the Environmental Protection Agency
RS1170235,2021-06-16,Motion to Invoke Cloture: Lydia Kay Griggsby to be U.S. District Judge for the District of Maryland
RS1170236,2021-06-16,"Confirmation: Radhika Fox, of California, to be an Assistant Administrator of the Environmental Protection Agency"
RS1170237,2021-06-16,"Confirmation: Lydia Kay Griggsby, of Maryland, to be U.S. District Judge for the District of Maryland"
RS1170238,2021-06-16,Motion to Invoke Cloture: Tommy P. Beaudreau to be Deputy Secretary of the Interior
RS1170239,2021-06-17,"Confirmation: Tommy P. Beaudreau, of Alaska, to be Deputy Secretary of the Interior"
RS1170240,2021-06-17,Motion to Invoke Cloture: John K. Tien to be Deputy Secretary of Homeland Security
RS1170241,2021-06-17,"Confirmation: John K. Tien, of Georgia, to be Deputy Secretary of Homeland Security"
RS1170242,2021-06-21,Motion to Invoke Cloture: Christopher Charles Fonzone to be General Counsel of the Office of the Director of National Intelligence
RS1170243,2021-06-22,"Confirmation: Christopher Charles Fonzone, of Pennsylvania, to be General Counsel of the Office of the Director of National Intelligence"
RS1170244,2021-06-22,"Motion to Invoke Cloture: Kiran Arjandas Ahuja, of Massachusetts, to be Director of the Office of Personnel Management"
RS1170245,2021-06-22,"Confirmation: Kiran Arjandas Ahuja, of Massachusetts, to be Director of the Office of Personnel Management"
RS1170246,2021-06-22,Motion to Invoke Cloture: Motion to Proceed to S. 2093
RS1170247,2021-06-23,Motion to Invoke Cloture: Deborah L. Boardman to be U.S. District Judge for the District of Maryland
RS1170248,2021-06-23,"Confirmation: Deborah L. Boardman, of Maryland, to be U.S. District Judge for the District of Maryland"
RS1170249,2021-06-23,Motion to Invoke Cloture: Candace Jackson-Akiwumi to be U.S. Circuit Judge for the Seventh Circuit
RS1170250,2021-06-24,Lee Amdt. No. 2119
RS1170251,2021-06-24,S. 1251
RS1170252,2021-06-24,"Confirmation: Candace Jackson-Akiwumi, of Illinois, to be U.S. Circuit Judge for the Seventh Circuit"
RS1170253,2021-07-12,"Motion to Invoke Cloture: Uzra Zeya to be an Under Secretary of State (Civilian Security, Democracy, and Human Rights)"
RS1170254,2021-07-13,"Confirmation: Uzra Zeya, of Virginia, to be an Under Secretary of State (Civilian Security, Democracy, and Human Rights)"
RS1170255,2021-07-13,Motion to Invoke Cloture: Julie A. Su to be Deputy Secretary of Labor
RS1170256,2021-07-13,"Confirmation: Julie A. Su, of California, to be Deputy Secretary of Labor"
RS1170257,2021-07-13,"Motion to Discharge: Jennifer Ann Abruzzo to be General Counsel of the National Labor Relations Board from the Committee on Health, Education, Labor, and Pensions"
RS1170258,2021-07-14,Motion to Invoke Cloture: Jocelyn Samuels to be a Member of the Equal Employment Opportunity Commission
RS1170259,2021-07-14,Motion to Invoke Cloture: Seema Nanda to be Solicitor for the Department of Labor
RS1170260,2021-07-14,"Confirmation: Jocelyn Samuels, of Maryland, to be a Member of the Equal Employment Opportunity Commission"
RS1170261,2021-07-14,"Confirmation: Seema Nanda, of Virginia, to be Solicitor for the Department of Labor"
RS1170262,2021-07-14,Motion to Invoke Cloture: J. Nellie Liang to be an Under Secretary of the Treasury
RS1170263,2021-07-14,Motion to Invoke Cloture: Donald Michael Remy to be Deputy Secretary of Veterans Affairs
RS1170264,2021-07-15,"Confirmation: J. Nellie Liang, of Maryland, to be an Under Secretary of the Treasury"
RS1170265,2021-07-15,"Confirmation: Donald Michael Remy, of Louisiana, to be Deputy Secretary of Veterans Affairs"
RS1170266,2021-07-15,Motion to Invoke Cloture: Tiffany P. Cunningham to be United States Circuit Judge for the Federal Circuit
RS1170267,2021-07-19,"Confirmation: Tiffany P. Cunningham, of Illinois, to be United States Circuit Judge for the Federal Circuit"
RS1170268,2021-07-20,"Motion to Invoke Cloture: Kenneth Allen Polite, Jr. to be an Assistant Attorney General"
RS1170269,2021-07-20,Motion to Invoke Cloture: Jennifer Ann Abruzzo to be General Counsel of the National Labor Relations Board
RS1170270,2021-07-20,"Confirmation: Kenneth Allen Polite, Jr., of Louisiana, to be an Assistant Attorney General"
RS1170271,2021-07-20,"Toomey Amdt No. 2121, As Modified"
RS1170272,2021-07-20,H.R. 1652
RS1170273,2021-07-21,"Confirmation: Jennifer Ann Abruzzo, of New York, to be General Counsel of the National Labor Relations Board"
RS1170274,2021-07-21,Motion to Invoke Cloture: Bonnie D. Jenkins to be Under Secretary of State for Arms Control and International Security
RS1170275,2021-07-21,"Confirmation: Bonnie D. Jenkins, of New York, to be Under Secretary of State for Arms Control and International Security"
RS1170276,2021-07-21,Motion to Invoke Cloture: Motion to Proceed to H.R. 3684
RS1170277,2021-07-22,"Confirmation: Jill Hruby, of New Mexico, to be Under Secretary for Nuclear Security, Department of Energy"
RS1170278,2021-07-26,Motion to Invoke Cloture: Todd Sunhwae Kim to be an Assistant Attorney General
RS1170279,2021-07-27,"Confirmation: Todd Sunhwae Kim, of the District of Columbia, to be an Assistant Attorney General"
RS1170280,2021-07-27,"Motion to Discharge: Tracy Stone-Manning to be Director of the Bureau of Land Management, from the Committee on Energy and Natural Resources"
RS1170281,2021-07-28,Motion to Invoke Cloture: Gwynne A. Wilcox to be a Member of the National Labor Relations Board
RS1170282,2021-07-28,"Confirmation: Gwynne A. Wilcox, of New York, to be a Member of the National Labor Relations Board"
RS1170283,2021-07-28,Motion to Invoke Cloture: David M. Prouty to be a Member of the National Labor Relations Board
RS1170284,2021-07-28,"Confirmation: David M. Prouty, of Maryland, to be a Member of the National Labor Relations Board"
RS1170285,2021-07-28,"Upon Reconsideration, Motion to Invoke Cloture on the Motion to Proceed to H.R. 3684"
RS1170286,2021-07-29,Motion to Waive All Applicable Budgetary Discipline Re: Leahy Amdt. No. 2123
RS1170287,2021-07-29,"H.R. 3237, As Amended"
RS1170288,2021-07-30,Motion to Proceed to H.R. 3684
RS1170289,2021-07-30,"Motion to Invoke Cloture: Ur Mendoza Jaddou to be Director of the United States Citizenship and Immigration Services, Department of Homeland Security"
RS1170290,2021-07-30,"Confirmation: Ur Mendoza Jaddou, of California, to be Director of the United States Citizenship and Immigration Services, Department of Homeland Security"
RS1170291,2021-08-02,Padilla Amdt. No. 2133
RS1170292,2021-08-02,Thune Amdt. No. 2162
RS1170293,2021-08-02,Barrasso Amdt. No. 2180
RS1170294,2021-08-03,Lummis Amdt. No. 2181
RS1170295,2021-08-03,Lee Amdt. No. 2255
RS1170296,2021-08-03,Duckworth Amdt. No. 2140
RS1170297,2021-08-03,Van Hollen Amdt. No. 2354
RS1170298,2021-08-04,Johnson Amdt. No. 2245
RS1170299,2021-08-04,Wicker Amdt. No. 2146
RS1170300,2021-08-04,Kennedy Amdt. No. 2210
RS1170301,2021-08-04,Peters Amdt. No. 2464
RS1170302,2021-08-04,Lankford Amdt. No. 2233
RS1170303,2021-08-04,Daines Amdt. No. 2449
RS1170304,2021-08-04,Scott (FL) Amdt. No. 2338
RS1170305,2021-08-04,Lee Amdt. No. 2279
RS1170306,2021-08-04,Fischer Amdt. No. 2164
RS1170307,2021-08-04,Schumer Amdt. No. 2570
RS1170308,2021-08-05,Motion to Invoke Cloture: Eunice C. Lee to be U.S. Circuit Judge for the Second Circuit
RS1170309,2021-08-07,Motion to Invoke Cloture: Sinema Amdt. No. 2137
RS1170310,2021-08-07,"Confirmation: Eunice C. Lee, of New York, to be U.S. Circuit Judge for the Second Circuit"
RS1170311,2021-08-08,Motion to Waive All Applicable Budgetary Discipline Re: Sinema Amdt. No. 2137
RS1170312,2021-08-08,"Sinema Amdt. No. 2137, As Amended"
RS1170313,2021-08-08,Motion to Invoke Cloture Re: H.R. 3684
RS1170314,2021-08-10,"H.R. 3684, As Amended"
RS1170315,2021-08-10,Motion to Proceed to S. Con. Res. 14
RS1170316,2021-08-10,Barrasso Amdt. No. 3055
RS1170317,2021-08-10,Carper Amdt. No. 3330
RS1170318,2021-08-10,Thune Amdt. No. 3106
RS1170319,2021-08-10,Cortez Masto Amdt. No. 3317
RS1170320,2021-08-10,Lummis Amdt. No. 3104
RS1170321,2021-08-10,Crapo Amdt. No. 3099
RS1170322,2021-08-10,Wyden Amdt. No. 3365
RS1170323,2021-08-10,Cramer Amdt. No. 3105
RS1170324,2021-08-10,Scott (SC) Amdt. No. 3073
RS1170325,2021-08-10,Shelby Amdt. No. 3293
RS1170326,2021-08-10,Grassley Amdt. No. 3251
RS1170327,2021-08-10,Wyden Amdt. No. 3569
RS1170328,2021-08-10,Tuberville Amdt. No. 3113
RS1170329,2021-08-10,Klobuchar Amdt. No. 3731
RS1170330,2021-08-10,Boozman Amdt. No. 3103
RS1170331,2021-08-10,Braun Amdt. No. 3114
RS1170332,2021-08-10,Fischer Amdt. No. 3128
RS1170333,2021-08-10,Ernst Amdt. No. 3115
RS1170334,2021-08-10,Scott (FL) Amdt. No. 3383
RS1170335,2021-08-10,Young Amdt. No. 3444
RS1170336,2021-08-10,Lankford Amdt. No. 3792
RS1170337,2021-08-10,Sullivan Amdt. No. 3627
RS1170338,2021-08-10,Paul Amdt. No. 3150
RS1170339,2021-08-10,Baldwin Amdt. No. 3648
RS1170340,2021-08-10,Romney Amdt. No. 3652
RS1170341,2021-08-10,Moran Amdt. No. 3795
RS1170342,2021-08-11,Cotton Amdt. No. 3680
RS1170343,2021-08-11,Blackburn Amdt. No. 3062
RS1170344,2021-08-11,Cruz Amdt. No. 3781
RS1170345,2021-08-11,Hawley Amdt. No. 2734
RS1170346,2021-08-11,Hoeven Amdt. No. 3243
RS1170347,2021-08-11,Marshall Amdt. No. 3797
RS1170348,2021-08-11,Kennedy Amdt. No. 3758
RS1170349,2021-08-11,Lee Amdt. No. 3141
RS1170350,2021-08-11,Inhofe Amdt. No. 3331
RS1170351,2021-08-11,Hagerty Amdt. No. 3742
RS1170352,2021-08-11,Hyde-Smith Amdt. No. 3568
RS1170353,2021-08-11,Grassley Amdt. No. 3650
RS1170354,2021-08-11,Sullivan Amdt. No. 3626
RS1170355,2021-08-11,Motion to Waive Sec. 904 of the C.B.A. Re: Cruz Amdt. No. 3681
RS1170356,2021-08-11,Lee Amdt. No. 3815
RS1170357,2021-08-11,"S. Con. Res. 14, As Amended"
RS1170358,2021-08-11,Motion to Discharge S. 1
RS1170359,2021-09-13,Motion to Invoke Cloture: James Richard Kvaal to be Under Secretary of Education
RS1170360,2021-09-14,"Confirmation: James Richard Kvaal, of Massachusetts, to be Under Secretary of Education"
RS1170361,2021-09-14,Motion to Invoke Cloture: David G. Estudillo to be U.S. District Judge for the Western District of Washington
RS1170362,2021-09-14,"Confirmation: David G. Estudillo, of Washington, to be U.S. District Judge for the Western District of Washington"
RS1170363,2021-09-14,Motion to Invoke Cloture: Angel Kelley to be U.S. District Judge for the District of Massachusetts
RS1170364,2021-09-14,"Confirmation: Angel Kelley, of Massachusetts, to be U.S. District Judge for the District of Massachusetts"
RS1170365,2021-09-14,Motion to Invoke Cloture: Veronica S. Rossman to be U.S. Circuit Judge for the Tenth Circuit
RS1170366,2021-09-20,"Confirmation: Veronica S. Rossman, of Colorado, to be U.S. Circuit Judge for the Tenth Circuit"
RS1170367,2021-09-21,Motion to Invoke Cloture: Margaret Irene Strickland to be U.S. District Judge for the District of New Mexico
RS1170368,2021-09-21,"Confirmation: Margaret Irene Strickland, of New Mexico, to be U.S. District Judge for the District of New Mexico"
RS1170369,2021-09-21,"Motion to Discharge: Rohit Chopra to be Director, Bureau of Consumer Financial Protection, from the Committee on Banking, Housing, and Urban Affairs"
RS1170370,2021-09-22,Motion to Invoke Cloture: Lily Lawrence Batchelder to be an Assistant Secretary of the Treasury
RS1170371,2021-09-22,Motion to Invoke Cloture: Jayme Ray White to be a Deputy U.S. Trade Representative
RS1170372,2021-09-22,"Confirmation: Lily Lawrence Batchelder, of Massachusetts, to be an Assistant Secretary of the Treasury"
RS1170373,2021-09-22,"Confirmation: Jayme Ray White, of Washington, to be a Deputy U.S. Trade Representative"
RS1170374,2021-09-22,Motion to Invoke Cloture Florence Y. Pan to be U.S. District Judge for the District of Columbia
RS1170375,2021-09-23,"Confirmation: Florence Y. Pan, of the District of Columbia, to be U.S. District Judge for the District of Columbia"
RS1170376,2021-09-23,"Motion to Invoke Cloture on Sarah Bianchi, of Virginia, to be Deputy United States Trade Representative"
RS1170377,2021-09-23,"Confirmation: Sarah Bianchi, of Virginia, to be Deputy United States Trade Representative"
RS1170378,2021-09-23,"Motion to Invoke Cloture: Daniel J. Kritenbrink, of Virginia, to be an Assistant Secretary of State (East Asian and Pacific Affairs)"
RS1170379,2021-09-23,"Confirmation: Daniel J. Kritenbrink, of Virginia, to be an Assistant Secretary of State (East Asian and Pacific Affairs)"
RS1170380,2021-09-23,"Motion to Invoke Cloture: Karen Erika Donfried, of the District of Columbia, to be an Assistant Secretary of State (European Affairs and Eurasian Affairs)"
RS1170381,2021-09-23,Motion to Invoke Cloture: Monica P. Medina to be Assistant Secretary of State for Oceans and International Environmental and Scientific Affairs
RS1170382,2021-09-23,Motion to Invoke Cloture: Mary Catherine Phee to be an Assistant Secretary of State (African Affairs)
RS1170383,2021-09-23,Motion to Invoke Cloture: Todd D. Robinson to be an Assistant Secretary of State (International Narcotics and Law Enforcement Affairs)
RS1170384,2021-09-23,Motion to Invoke Cloture: Jessica Lewis to be an Assistant Secretary of State (Political-Military Affairs)
RS1170385,2021-09-27,Motion to Invoke Cloture: Motion to Proceed to H.R. 5305
RS1170386,2021-09-28,"Confirmation: Karen Erika Donfried, of the District of Columbia, to be an Assistant Secretary of State (European Affairs and Eurasian Affairs)"
RS1170387,2021-09-28,"Confirmation: Monica P. Medina, of Maryland, to be Assistant Secretary of State for Oceans and International Environmental and Scientific Affairs"
RS1170388,2021-09-28,"Confirmation: Mary Catherine Phee, of Illinois, to be an Assistant Secretary of State (African Affairs)"
RS1170389,2021-09-28,"Confirmation: Todd D. Robinson, of New Jersey, to be an Assistant Secretary of State (International Narcotics and Law Enforcement Affairs)"
RS1170390,2021-09-29,"Confirmation: Jessica Lewis, of Ohio, to be an Assistant Secretary of State (Political-Military Affairs)"
RS1170391,2021-09-29,Motion to Invoke Cloture: Robert T. Anderson to be Solicitor of the Department of the Interior
RS1170392,2021-09-29,"Motion to Invoke Cloture: Jonathan Eugene Meyer to be General Counsel, Department of Homeland Security"
RS1170393,2021-09-29,"Confirmation: Robert T. Anderson, of Washington, to be Solicitor of the Department of the Interior"
RS1170394,2021-09-30,Cotton Amdt. No. 3833
RS1170395,2021-09-30,Marshall Amdt. No. 3831
RS1170396,2021-09-30,Braun Amdt. No. 3832
RS1170397,2021-09-30,"H.R. 5305, As Amended"
RS1170398,2021-09-30,"Motion to Invoke Cloture: Rohit Chopra to be Director, Bureau of Consumer Financial Protection"
RS1170399,2021-09-30,"Confirmation: Rohit Chopra, of the District of Columbia, to be Director, Bureau of Consumer Financial Protection"
RS1170400,2021-09-30,Motion to Invoke Cloture: Tracy Stone-Manning to be Director of the Bureau of Land Management
RS1170401,2021-09-30,"Confirmation: Tracy Stone-Manning, of Montana, to be Director of the Bureau of Land Management"
RS1170402,2021-09-30,Motion to Proceed to the House Message to Accompany S. 1301
RS1170403,2021-10-04,"Confirmation: Jonathan Eugene Meyer, of Ohio, to be General Counsel, Department of Homeland Security"
RS1170404,2021-10-05,Motion to Invoke Cloture: Paloma Adams-Allen to be a Deputy Administrator of the United States Agency for International Development
RS1170405,2021-10-05,"Confirmation: Paloma Adams-Allen, of the District of Columbia, to be a Deputy Administrator of the United States Agency for International Development"
RS1170406,2021-10-05,Motion to Invoke Cloture: Lauren J. King to be United States District Judge for the Western District of Washington
RS1170407,2021-10-05,"Confirmation: Lauren J. King, of Washington, to be United States District Judge for the Western District of Washington"
RS1170408,2021-10-06,Motion to Invoke Cloture: Sarah A. L. Merriam to be U.S. District Judge for the District of Connecticut
RS1170409,2021-10-06,"Confirmation: Sarah A.L. Merriam, of Connecticut, to be U.S. District Judge for the District of Connecticut"
RS1170410,2021-10-07,"Motion to Discharge: Catherine Elizabeth Lhamon to be Assistant Secretary for Civil Rights, Department of Education, from the Committee on Health, Education, Labor, and Pensions"
RS1170411,2021-10-07,Motion to Invoke Cloture: Motion to Concur in the House Amendment to S. 1301 with an Amendment (Amdt. No. 3847)
RS1170412,2021-10-07,Motion to Concur in the House Amendment to S. 1301 with an Amendment (Amdt. No. 3847)
RS1170413,2021-10-07,Motion to Invoke Cloture: Gustavo A. Gelpi to be U.S. Circuit Judge for the First Circuit
RS1170414,2021-10-18,"Confirmation: Gustavo A. Gelpi, of Puerto Rico, to be U.S. Circuit Judge for the First Circuit"
RS1170415,2021-10-19,Motion to Invoke Cloture: Christine P. O'Hearn to be U.S. District Judge for the District of New Jersey
RS1170416,2021-10-19,"Confirmation: Christine P. O'Hearn, of New Jersey, to be U.S. District Judge for the District of New Jersey"
RS1170417,2021-10-19,"Motion to Discharge: Brian Eddie Nelson to be Under Secretary for Terrorism and Financial Crimes, from the Committee on Banking, Housing, and Urban Affairs"
RS1170418,2021-10-20,"Motion to Invoke Cloture: Catherine Elizabeth Lhamon to be Assistant Secretary for Civil Rights, Department of Education"
RS1170419,2021-10-20,"Confirmation: Catherine Elizabeth Lhamon, of California, to be Assistant Secretary for Civil Rights, Department of Education"
RS1170420,2021-10-20,Motion to Invoke Cloture: Motion to Proceed to S. 2747
RS1170421,2021-10-21,Motion to Invoke Cloture: Tana Lin to be U.S. District Judge for the Western District of Washington
RS1170422,2021-10-21,Motion to Invoke Cloture: Douglas L. Parker to be an Assistant Secretary of Labor
RS1170423,2021-10-21,Motion to Invoke Cloture: Myrna Perez to be U.S. Circuit Judge for the Second Circuit
RS1170424,2021-10-21,"Confirmation: Tana Lin, of Washington, to be U.S. District Judge for the Western District of Washington"
RS1170425,2021-10-25,"Confirmation: Douglas L. Parker, of West Virginia, to be an Assistant Secretary of Labor"
RS1170426,2021-10-25,"Confirmation: Myrna Perez, of New York, to be U.S. Circuit Judge for the Second Circuit"
RS1170427,2021-10-26,Motion to Invoke Cloture: Jia M. Cobb to be U.S. District Judge for the District of Columbia
RS1170428,2021-10-26,Motion to Invoke Cloture: Karen McGlashan Williams to be U.S. District Judge for the District of New Jersey
RS1170429,2021-10-26,Motion to Invoke Cloture: Patricia Tolliver Giles to be U.S. District Judge for the Eastern District of Virginia
RS1170430,2021-10-26,Motion to Invoke Cloture: Michael S. Nachmanoff to be U.S. District Judge for the Eastern District of Virginia
RS1170431,2021-10-26,Motion to Invoke Cloture: Sarala Vidya Nagala to be U.S. District Judge for the District of Connecticut
RS1170432,2021-10-26,"Confirmation: Jia M. Cobb, of Virginia, to be U.S. District Judge for the District of Columbia"
RS1170433,2021-10-26,"Confirmation: Karen McGlashan Williams, of New Jersey, to be U.S. District Judge for the District of New Jersey"
RS1170434,2021-10-26,"Confirmation: Patricia Tolliver Giles, of Virginia, to be U.S. District Judge for the Eastern District of Virginia"
RS1170435,2021-10-27,"Confirmation: Michael S. Nachmanoff, of Virginia, to be U.S. District Judge for the Eastern District of Virginia"
RS1170436,2021-10-27,"Confirmation: Sarala Vidya Nagala, of Connecticut, to be U.S. District Judge for the District of Connecticut"
RS1170437,2021-10-27,Motion to Invoke Cloture: Omar Antonio Williams to be U.S. District Judge for the District of Connecticut
RS1170438,2021-10-27,Motion to Invoke Cloture: Matthew G. Olsen to be an Assistant Attorney General
RS1170439,2021-10-27,Motion to Invoke Cloture: Christopher H. Schroeder to be Assistant Attorney General
RS1170440,2021-10-27,Motion to Invoke Cloture: Hampton Y. Dellinger to be an Assistant Attorney General
RS1170441,2021-10-27,Motion to Invoke Cloture: Elizabeth Prelogar to be Solicitor General of the United States
RS1170442,2021-10-28,"Confirmation: Omar Antonio Williams, of Connecticut, to be U.S. District Judge for the District of Connecticut"
RS1170443,2021-10-28,"Confirmation: Matthew G. Olsen, of Maryland, to be an Assistant Attorney General"
RS1170444,2021-10-28,"Confirmation: Christopher H. Schroeder, of North Carolina, to be an Assistant Attorney General"
RS1170445,2021-10-28,"Confirmation: Hampton Y. Dellinger, of North Carolina, to be an Assistant Attorney General"
RS1170446,2021-10-28,"Confirmation: Elizabeth Prelogar, of Indiana, to be Solicitor General of the United States"
RS1170447,2021-10-28,"Motion to Invoke Cloture: Beth Robinson, of Vermont, to be U.S. Circuit Judge for the Second Circuit"
RS1170448,2021-10-28,"Motion to Invoke Cloture: Toby J. Heytens, of Virginia, to be U.S. Circuit Judge for the Fourth Circuit"
RS1170449,2021-11-01,"Confirmation: Beth Robinson, of Vermont, to be U.S. Circuit Judge for the Second Circuit"
RS1170450,2021-11-01,"Confirmation: Toby J. Heytens, of Virginia, to be U.S. Circuit Judge for the Fourth Circuit"
RS1170451,2021-11-02,Motion to Invoke Cloture: Jonathan Davidson to be Deputy Under Secretary of the Treasury
RS1170452,2021-11-02,Motion to Invoke Cloture: Benjamin Harris to be an Assistant Secretary of the Treasury
RS1170453,2021-11-02,Motion to Invoke Cloture: Isobel Coleman to be a Deputy Administrator of the United States Agency for International Development
RS1170454,2021-11-02,Motion to Invoke Cloture: Jeffrey M. Prieto to be an Assistant Administrator of the Environmental Protection Agency
RS1170455,2021-11-02,Motion to Invoke Cloture: Rajesh D. Nayak to be an Assistant Secretary of Labor
RS1170456,2021-11-02,"Confirmation: Jonathan Davidson, of Maryland, to be Deputy Under Secretary of the Treasury"
RS1170457,2021-11-03,"Confirmation: Benjamin Harris, of Virginia, to be an Assistant Secretary of the Treasury"
RS1170458,2021-11-03,"Confirmation: Isobel Coleman, of New York, to be a Deputy Administrator of the United States Agency for International Development"
RS1170459,2021-11-03,Motion to Invoke Cloture: Motion to Proceed to S. 4
RS1170460,2021-11-03,"Confirmation: Jeffrey M. Prieto, of California, to be an Assistant Administrator of the Environmental Protection Agency"
RS1170461,2021-11-03,"Confirmation: Rajesh D. Nayak, of Maryland, to be an Assistant Secretary of Labor"
RS1170462,2021-11-03,Motion to Discharge: Jennifer Sung to be U.S. Circuit Judge for the Ninth Circuit from the Committee on the Judiciary
RS1170463,2021-11-04,"Confirmation: Michael Lee Connor, of Colorado, to be an Assistant Secretary of the Army"
RS1170464,2021-11-04,Motion to Invoke Cloture: Robert Luis Santos to be Director of the Census
RS1170465,2021-11-04,"Confirmation: Robert Luis Santos, of Texas, to be Director of the Census"
RS1170466,2021-11-15,Motion to Invoke Cloture: Graham Scott Steele to be an Assistant Secretary of the Treasury
RS1170467,2021-11-16,"Confirmation: Graham Scott Steele, of California, to be an Assistant Secretary of the Treasury"
RS1170468,2021-11-16,Motion to Invoke Cloture: Robert Farrell Bonnie to be Under Secretary of Agriculture for Farm Production and Conservation
RS1170469,2021-11-16,"Confirmation: Robert Farrell Bonnie, of Virginia, to be Under Secretary of Agriculture for Farm Production and Conservation"
RS1170470,2021-11-16,"Confirmation: Jonathan Kanter, of Maryland, to be an Assistant Attorney General"
RS1170471,2021-11-17,Motion to Invoke Cloture: Brain Eddie Nelson to be Under Secretary for Terrorism and Financial Crimes
RS1170472,2021-11-17,Motion to Invoke Cloture: Motion to Proceed to H.R. 4350
RS1170473,2021-11-29,Motion to Invoke Cloture: Re: Reed Amdt. No. 3867 As Modified to H.R. 4350
RS1170474,2021-12-02,"Confirmation: Brian Eddie Nelson, of California, to be Under Secretary for Terrorism and Financial Crimes"
RS1170475,2021-12-02,Motion to Discharge: Rachael S. Rollins to be U.S. Attorney for the District of Massachusetts from the Committee on the Judiciary
RS1170476,2021-12-02,Marshall Amdt. No. 4868
RS1170477,2021-12-02,H.R. 6119
RS1170478,2021-12-06,Motion to Invoke Cloture: Jessica Rosenworcel to be a Member of the Federal Communications Commission
RS1170479,2021-12-07,"Confirmation: Jessica Rosenworcel, of Connecticut, to be a Member of the Federal Comunications Commission"
RS1170480,2021-12-07,Motion to Invoke Cloture: Deirdre Hamilton to be a Member of the National Mediation Board
RS1170481,2021-12-07,"Confirmation: Deirdre Hamilton, of the District of Columbia, to be a Member of the National Mediation Board"
RS1170482,2021-12-07,"Motion to Invoke Cloture: Chris Magnus to be Commissioner of U.S. Customs and Border Protection, Department of Homeland Security"
RS1170483,2021-12-07,"Confirmation: Chris Magnus, of Arizona, to be Commissioner of U.S. Customs and Border Protection, Department of Homeland Security"
RS1170484,2021-12-07,Motion to Discharge S.J. Res. 31
RS1170485,2021-12-08,Motion to Invoke Cloture: Rachael S. Rollins to be U.S. Attorney for the District of Massachusetts
RS1170486,2021-12-08,"Confirmation: Rachael S. Rollins, of Massachusetts, to the U.S. Attorney for the District of Massachusetts"
RS1170487,2021-12-08,Motion to Invoke Cloture: Michael D. Smith to be Chief Executive Officer of the Corporation for National and Community Service
RS1170488,2021-12-08,"Confirmation: Michael D. Smith, of Virginia, to be Chief Executive Officer of the Corporation for National and Community Service"
RS1170489,2021-12-08,S.J.Res. 29
RS1170490,2021-12-09,Motion to Invoke Cloture: Motion to Concur in the House Amendment to S. 610
RS1170491,2021-12-09,Motion to Concur in the House Amendment to S. 610
RS1170492,2021-12-09,Motion to Invoke Cloture: Lucy Haeran Koh to be U.S. Circuit Judge for the Ninth Circuit
RS1170493,2021-12-09,Motion to Invoke Cloture: Jennifer Sung to be U.S. Circuit Judge for the Ninth Circuit
RS1170494,2021-12-13,"Confirmation: Lucy Haeran Koh, of California, to be United States Circuit Judge for the Ninth Circuit"
RS1170495,2021-12-14,Motion to Invoke Cloture: Samantha D. Elliott to be U.S. District Judge for the District of New Hampshire
RS1170496,2021-12-14,Motion to Invoke Cloture: Motion to Concur in the House Amendment to S. 1605.
RS1170497,2021-12-14,Motion to Proceed to S.J. Res. 33
RS1170498,2021-12-14,S.J. Res 33
RS1170499,2021-12-15,Motion to Concur in the House Amendment to S. 1605
RS1170500,2021-12-15,"Confirmation: Jennifer Sung, of Oregon, to be U.S. Circuit Judge for the Ninth Circuit"
RS1170501,2021-12-15,"Confirmation: Samantha D. Elliott, of New Hampshire, to be U.S. District Judge for the District of New Hampshire"
RS1170502,2021-12-16,Motion to Discharge Holly A. Thomas to be U.S. Circuit Judge for the Ninth Circuit from the Committee on the Judiciary
RS1170503,2021-12-16,"Confirmation: R. Nicholas Burns, of Massachusetts, to be Ambassador to the People's Republic of China"
RS1170504,2021-12-16,"Confirmation: Ramin Toloui, of Iowa, to be an Assistant Secretary of State, Economic and Business Affairs"
RS1170505,2021-12-16,"Confirmation: Rashad Hussain, of Virginia, to be Ambassador at Large for International Religious Freedom"
RS1170506,2021-12-17,Motion to Invoke Cloture: Atul Atmaram Gawande to be an Assistant Administrator of the United States Agency for International Development
RS1170507,2021-12-17,"Confirmation: Atul Atmaram Gawande, of Massachusetts, to be an Assistant Administrator of the U.S. Agency for International Development"
RS1170508,2021-12-17,Motion to Invoke Cloture: Linda Lopez to be U.S. District Judge for the Southern District of California
RS1170509,2021-12-17,"Confirmation: Linda Lopez, of California, to be U.S. District Judge for the Southern District of California"
RS1170510,2021-12-17,Motion to Invoke Cloture: Jinsook Ohta to be U.S. District Judge for the Southern District of California
RS1170511,2021-12-17,"Confirmation: Jinsook Ohta, of California, to be U.S. District Judge for the Southern District of California"
RS1170512,2021-12-17,Motion to Invoke Cloture: David Herrera Urias to be U.S. District Judge for the District of New Mexico
RS1170513,2021-12-17,"Confirmation: David Herrera Urias, of New Mexico, to be United States District Judge for the District of New Mexico"
RS1170514,2021-12-17,Motion to Invoke Cloture Maame Ewusi-Mensah Frimpong to be U.S. District Judge for the Central District of California
RS1170515,2021-12-17,"Confirmation: Maame Ewusi-Mensah Frimpong, of California, to be U.S. District Judge for the Central District of California"
RS1170516,2021-12-17,Motion to Invoke Cloture: Jane M. Beckering to be U.S. District Judge for the Western District of Michigan
RS1170517,2021-12-17,"Confirmation: Jane M. Beckering, of Michigan, to be U.S. District Judge for the Western District of Michigan"
RS1170518,2021-12-17,Motion to Invoke Cloture: Shalina D. Kumar to be U.S. District Judge for the Eastern District of Michigan
RS1170519,2021-12-17,"Confirmation: Shalina D. Kumar, of Michigan, to be U.S. District Judge for the Eastern District of Michigan"
RS1170520,2021-12-17,Motion to Invoke Cloture: Jennifer L. Thurston to be U.S. District Judge for the Eastern District of California
RS1170521,2021-12-17,"Confirmation: Jennifer L. Thurston, of California, to be U.S. District Judge for the Eastern District of California"
RS1170522,2021-12-17,Motion to Invoke Cloture: Katherine Marie Menendez to be U.S. District Judge for the District of Minnesota
RS1170523,2021-12-18,"Confirmation: Katherine Marie Menendez, of Minnesota, to be U.S. District Judge for the District of Minnesota"
RS1170524,2021-12-18,Motion to Invoke Cloture: Mary Katherine Dimke to be U.S. District Judge for the Eastern District of Washington
RS1170525,2021-12-18,"Confirmation: Mary Katherine Dimke, of Washington, to be U.S. District Judge for the Eastern District of Washington"
RS1170526,2021-12-18,"Confirmation: Rahm Emanuel, of Illinois, to be Ambassador Extraordinary and Plenipotentiary of the United States of America to Japan"
RS1170527,2021-12-18,Motion to Invoke Cloture: Gabriel P. Sanchez to be U.S. Circuit Judge for the Ninth Circuit
RS1170528,2021-12-18,Motion to Invoke Cloture Holly A. Thomas to be U.S. Circuit Judge for the Ninth Circuit
